{"Dist": [[-0.3802629429342753, -0.3619130102916312, 0.0008971931189257879, -0.008141009970619945, 0.8676855503263307]], "Matrix": [[578.8096636149478, 0.0, 345.4946001130351], [0.0, 578.1375741963371, 236.83815045278456], [0.0, 0.0, 1.0]]}