{"1": {"pos": [0.24834660377290485, 0.9586833651991784], "timestamp": 1661373498.2523592}, "2": {"pos": [-0.7066465933686491, 0.6678944671820011], "timestamp": 1661373498.31807}, "3": {"pos": [-1.0068676388568114, 1.6217639786393852], "timestamp": 1661373498.3821864}, "4": {"pos": [-1.0073397439072083, 2.5935597931426173], "timestamp": 1661373498.4503052}, "5": {"pos": [-0.9672676978840369, 2.5669657530526035], "timestamp": 1661373498.521058}, "6": {"pos": [-0.3784498817842934, 1.7590692905067464], "timestamp": 1661373498.5824068}, "7": {"pos": [-0.1490430379509023, 2.677269181817398], "timestamp": 1661373498.6505663}, "8": {"pos": [0.2657741596511762, 2.9363501176825646], "timestamp": 1661373498.7141836}, "9": {"pos": [0.008819367676973777, 3.8992849126116527], "timestamp": 1661373498.7821205}, "10": {"pos": [-0.2817822510687106, 2.958866171623308], "timestamp": 1661373498.8551376}, "11": {"pos": [-0.16259650295001712, 3.9503150750635347], "timestamp": 1661373498.914708}, "12": {"pos": [0.17078666422382435, 4.874082405164904], "timestamp": 1661373498.982212}, "13": {"pos": [0.09224589610673994, 5.868930024736695], "timestamp": 1661373499.0465617}, "14": {"pos": [-0.7935284177951706, 6.325305376654532], "timestamp": 1661373499.1145585}, "15": {"pos": [-0.8194552917524133, 7.323230619663709], "timestamp": 1661373499.1828053}, "16": {"pos": [-0.8316970836478242, 8.3210830276187], "timestamp": 1661373499.2511153}, "17": {"pos": [-1.7943557627885716, 8.349213298282038], "timestamp": 1661373499.314201}, "18": {"pos": [-1.6718532652112585, 9.33676712563222], "timestamp": 1661373499.3814144}, "19": {"pos": [-1.5514105479377147, 10.329310805873677], "timestamp": 1661373499.4502404}, "20": {"pos": [-1.6136429129403655, 11.324854636199028], "timestamp": 1661373499.5143685}, "21": {"pos": [-1.5766346165120513, 12.320383256542241], "timestamp": 1661373499.5836751}, "22": {"pos": [-1.6673108824764769, 13.316263578417505], "timestamp": 1661373499.6466255}, "23": {"pos": [-1.5121690470972962, 14.304120835265717], "timestamp": 1661373499.7106006}, "24": {"pos": [-1.2927313920401065, 15.27974526977051], "timestamp": 1661373499.7801101}, "25": {"pos": [-1.3038693868431408, 16.268951407139827], "timestamp": 1661373499.842286}, "26": {"pos": [-0.6468608575877665, 17.00909078268762], "timestamp": 1661373499.910357}, "27": {"pos": [-0.17336394172211445, 17.871522522366366], "timestamp": 1661373499.9782543}, "28": {"pos": [-0.168108447782333, 18.853512339621464], "timestamp": 1661373500.0423238}, "29": {"pos": [-0.3014541715918375, 19.785160049517053], "timestamp": 1661373500.1137335}, "30": {"pos": [-0.07863046723766223, 20.759140861961754], "timestamp": 1661373500.1756103}, "31": {"pos": [-0.4788827172832891, 21.675460762381633], "timestamp": 1661373500.2430253}, "32": {"pos": [-0.74501320672616, 22.638218120667506], "timestamp": 1661373500.3108904}, "33": {"pos": [-0.6512681922352264, 23.632400992389975], "timestamp": 1661373500.3747263}, "34": {"pos": [-1.3414417979461373, 24.319666331005077], "timestamp": 1661373500.442515}, "35": {"pos": [-1.068589933150189, 25.27325412426833], "timestamp": 1661373500.5120583}, "36": {"pos": [-1.0270013978374701, 26.271776079251637], "timestamp": 1661373500.574582}, "37": {"pos": [-0.8428261733686442, 27.25440599863102], "timestamp": 1661373500.6387155}, "38": {"pos": [-0.6713894370706573, 28.238888607023682], "timestamp": 1661373500.7075381}, "39": {"pos": [-0.6796063861114686, 29.23705195324561], "timestamp": 1661373500.7759764}, "40": {"pos": [-0.4870273101379726, 30.217226579553405], "timestamp": 1661373500.8389478}, "41": {"pos": [-0.28804195733312626, 31.197224636815235], "timestamp": 1661373500.9069133}, "42": {"pos": [-0.3287887032461252, 32.19629131639247], "timestamp": 1661373500.97358}, "43": {"pos": [-1.2083486005137014, 32.11575418308104], "timestamp": 1661373501.0420618}, "44": {"pos": [-1.3158697792158411, 33.10914050457298], "timestamp": 1661373501.1098616}, "45": {"pos": [-1.1842798150171312, 34.0984535640821], "timestamp": 1661373501.1740737}, "46": {"pos": [-1.0897412312704227, 35.09058679162288], "timestamp": 1661373501.2439926}, "47": {"pos": [-1.1828335816339057, 36.02968798948674], "timestamp": 1661373501.3087168}, "48": {"pos": [-1.2368911339080455, 37.027283300633464], "timestamp": 1661373501.3713598}, "49": {"pos": [-1.0647109486211361, 38.01031213660118], "timestamp": 1661373501.444138}, "50": {"pos": [-1.0752567114147251, 39.00846125246138], "timestamp": 1661373501.5042067}, "51": {"pos": [-1.0636463686847693, 40.00788456363258], "timestamp": 1661373501.5705256}, "52": {"pos": [-1.0918208765873105, 41.00703112727464], "timestamp": 1661373501.6345713}, "53": {"pos": [-1.1926016415835963, 42.00147785230012], "timestamp": 1661373501.7025383}, "54": {"pos": [-1.4475060150883803, 42.94660729719553], "timestamp": 1661373501.7666302}, "55": {"pos": [-1.497952190586055, 43.941809052143725], "timestamp": 1661373501.8399398}, "56": {"pos": [-1.8040580932483157, 44.8877768146847], "timestamp": 1661373501.9032438}, "57": {"pos": [-2.079482393672863, 45.84816698782766], "timestamp": 1661373501.9668715}, "58": {"pos": [-2.007233746942018, 46.84370786279454], "timestamp": 1661373502.0347915}, "59": {"pos": [-2.0832338536675783, 47.840616812881876], "timestamp": 1661373502.102765}, "60": {"pos": [-2.975800971285242, 48.290228322709325], "timestamp": 1661373502.1669455}, "61": {"pos": [-3.836501189166977, 48.79929510971634], "timestamp": 1661373502.2396486}, "62": {"pos": [-4.319949763942512, 49.63707444401686], "timestamp": 1661373502.2992218}, "63": {"pos": [-4.213070591037871, 50.631317413821044], "timestamp": 1661373502.3665848}, "64": {"pos": [-5.17527672262793, 50.85822226152376], "timestamp": 1661373502.430733}, "65": {"pos": [-4.849429605412867, 51.803616539027736], "timestamp": 1661373502.4988658}, "66": {"pos": [-5.042595735394642, 52.76764435654435], "timestamp": 1661373502.5667646}, "67": {"pos": [-4.629926820879283, 53.678434057330655], "timestamp": 1661373502.6353045}, "68": {"pos": [-4.125937151500028, 54.53580152317253], "timestamp": 1661373502.6986918}, "69": {"pos": [-4.24684991447925, 55.52568189813321], "timestamp": 1661373502.7626657}, "70": {"pos": [-4.813989884578271, 56.322475948654024], "timestamp": 1661373502.8307643}, "71": {"pos": [-5.224097762040434, 57.20963399208285], "timestamp": 1661373502.898887}, "72": {"pos": [-5.865355180445142, 57.9711504019004], "timestamp": 1661373502.9679985}, "73": {"pos": [-5.3856170761160875, 58.82917639386137], "timestamp": 1661373503.042589}, "74": {"pos": [-5.848615488667106, 59.70649978733543], "timestamp": 1661373503.098335}, "75": {"pos": [-6.288768280449438, 60.59346722037846], "timestamp": 1661373503.1684175}, "76": {"pos": [-6.607216177976965, 61.54096782264228], "timestamp": 1661373503.227476}, "77": {"pos": [-6.783558725950313, 62.51394306131602], "timestamp": 1661373503.2948728}, "78": {"pos": [-7.173640088940687, 63.42973454358421], "timestamp": 1661373503.362915}, "79": {"pos": [-7.33532935446892, 64.3992307966306], "timestamp": 1661373503.4268997}, "80": {"pos": [-7.974223699330327, 65.11462086509498], "timestamp": 1661373503.494929}, "81": {"pos": [-8.639773048917217, 65.83039436712502], "timestamp": 1661373503.562517}, "82": {"pos": [-9.348205833867429, 66.4923594567918], "timestamp": 1661373503.6275098}, "83": {"pos": [-10.025302389300954, 67.1835702261714], "timestamp": 1661373503.6956115}, "84": {"pos": [-10.987285190115436, 67.10350346999921], "timestamp": 1661373503.7596536}, "85": {"pos": [-11.640958634103832, 67.8557087837912], "timestamp": 1661373503.8273897}, "86": {"pos": [-11.188758630406758, 68.71024795179318], "timestamp": 1661373503.9019895}, "87": {"pos": [-11.901627068838769, 69.4072102804561], "timestamp": 1661373503.9671361}, "88": {"pos": [-11.426124901638614, 70.25577390570804], "timestamp": 1661373504.0279071}, "89": {"pos": [-12.35102490103006, 70.60486607819423], "timestamp": 1661373504.0914896},